t,true_level,true_trend,observed_sales,w_level,w_trend,v_observation
1,50.1347,0.2362,49.8008,-0.1153,-0.0138,-0.3339
2,50.9325,0.226,46.4404,0.5616,-0.0102,-4.4921
3,51.4243,0.2046,50.7734,0.2659,-0.0214,-0.6509
4,51.7216,0.2232,55.2123,0.0927,0.0186,3.4907
5,52.47,0.232,50.2551,0.5253,0.0088,-2.215
6,51.8903,0.2517,55.8236,-0.8117,0.0197,3.9332
7,52.1753,0.2432,53.7707,0.0333,-0.0085,1.5953
8,51.2557,0.2182,52.7268,-1.1628,-0.025,1.4711
9,52.1726,0.199,53.3024,0.6987,-0.0193,1.1298
10,52.5702,0.2616,49.2305,0.1986,0.0626,-3.3397
11,53.2863,0.1404,45.4265,0.4546,-0.1212,-7.8598
12,52.9412,0.0671,55.5693,-0.4855,-0.0733,2.628
13,53.5398,-0.0304,56.0818,0.5314,-0.0975,2.5421
14,52.7076,-0.0373,51.8259,-0.8018,-0.0069,-0.8817
15,52.7618,0.0282,54.6771,0.0915,0.0655,1.9152
16,53.0699,0.0802,54.5054,0.2799,0.052,1.4355
17,52.6485,0.0228,51.2386,-0.5016,-0.0574,-1.4099
18,53.0708,0.0028,60.0781,0.3995,-0.02,7.0073
19,52.4181,-0.0851,54.7236,-0.6554,-0.0879,2.3054
20,53.4705,-0.0447,55.978,1.1375,0.0405,2.5075
21,54.5669,-0.0522,50.298,1.1411,-0.0075,-4.2689
22,54.0891,0.024,49.758,-0.4257,0.0762,-4.331
23,54.1399,0.0443,53.1932,0.0268,0.0203,-0.9468
24,54.7631,0.0908,61.7274,0.5789,0.0465,6.9642
25,55.3499,0.042,53.6645,0.496,-0.0488,-1.6854
26,54.7266,0.1182,53.0261,-0.6653,0.0762,-1.7005
27,54.7886,0.1781,52.6182,-0.0562,0.0599,-2.1704
28,54.7318,0.0308,51.4844,-0.2349,-0.1473,-3.2474
29,54.3085,0.0641,57.889,-0.4542,0.0333,3.5805
30,54.3578,0.085,54.8617,-0.0148,0.0209,0.5039
31,55.3106,0.1565,56.1317,0.8678,0.0715,0.8211
32,54.6583,0.2287,55.8015,-0.8088,0.0723,1.1431
33,55.8686,0.2264,61.7279,0.9816,-0.0024,5.8593
34,55.8079,0.3538,56.1532,-0.2871,0.1274,0.3454
35,55.7487,0.2635,55.2956,-0.413,-0.0903,-0.4531
36,57.1508,0.3288,59.2175,1.1387,0.0653,2.0667
37,55.579,0.3857,57.2465,-1.9007,0.0569,1.6676
38,55.5247,0.3355,55.5178,-0.4399,-0.0502,-0.0069
39,57.2402,0.2511,55.9567,1.3799,-0.0844,-1.2834
40,58.5807,0.2154,57.4879,1.0894,-0.0357,-1.0928
41,58.8743,0.1161,59.5342,0.0782,-0.0993,0.6598
42,58.0228,0.1869,58.0323,-0.9677,0.0708,0.0095
43,60.0364,0.2094,64.1335,1.8267,0.0225,4.0971
44,59.2032,0.1996,60.1727,-1.0426,-0.0098,0.9694
45,60.7994,0.0652,63.7713,1.3966,-0.1345,2.9719
46,61.3377,0.1878,63.4748,0.4731,0.1227,2.1372
47,61.5672,0.1461,57.8226,0.0417,-0.0417,-3.7445
48,61.8696,0.1308,67.9304,0.1563,-0.0153,6.0608
49,61.5115,0.1564,56.8045,-0.4888,0.0256,-4.707
50,61.3516,0.1773,63.8235,-0.3164,0.0209,2.4719
51,62.6874,0.1738,59.3356,1.1585,-0.0035,-3.3517
52,63.2274,0.2151,64.7024,0.3663,0.0414,1.475
53,62.8823,0.3058,63.146,-0.5602,0.0907,0.2637
54,63.7479,0.4077,65.5757,0.5599,0.1019,1.8278
55,64.3849,0.5799,65.116,0.2292,0.1722,0.7311
56,64.728,0.5889,69.1763,-0.2368,0.009,4.4483
57,65.4119,0.6304,68.9991,0.095,0.0416,3.5872
58,65.6321,0.4923,66.5303,-0.4103,-0.1381,0.8983
59,66.3082,0.4437,68.9214,0.1838,-0.0486,2.6133
60,67.2379,0.3641,68.7926,0.4861,-0.0796,1.5547
61,67.4451,0.2454,68.804,-0.1569,-0.1186,1.3589
62,67.6544,0.1858,69.2232,-0.0362,-0.0596,1.5688
63,68.2307,0.1396,69.4317,0.3905,-0.0462,1.2011
64,69.1823,0.0826,70.325,0.8121,-0.057,1.1427
65,69.2671,0.2639,63.6802,0.0022,0.1813,-5.5869
66,70.0872,0.2394,69.7867,0.5562,-0.0245,-0.3006
67,71.8479,0.2387,78.5707,1.5213,-0.0007,6.7228
68,71.7329,0.2667,70.2603,-0.3537,0.028,-1.4725
69,71.4471,0.2717,70.5993,-0.5526,0.005,-0.8477
70,71.8808,0.1033,77.8882,0.162,-0.1684,6.0074
71,71.8505,0.2428,68.8292,-0.1336,0.1394,-3.0213
72,72.3273,0.496,69.7181,0.234,0.2532,-2.6092
73,71.627,0.4522,73.0445,-1.1962,-0.0437,1.4175
74,72.634,0.5555,71.8629,0.5547,0.1032,-0.771
75,71.9076,0.5207,75.6283,-1.2818,-0.0348,3.7207
76,72.8008,0.3641,72.6957,0.3725,-0.1566,-0.1052
77,74.2835,0.5342,75.9685,1.1185,0.1701,1.6851
78,75.0652,0.435,72.5354,0.2474,-0.0992,-2.5297
79,75.5377,0.4753,77.2783,0.0375,0.0403,1.7406
80,75.6304,0.3831,73.2971,-0.3826,-0.0922,-2.3333
81,75.088,0.4346,68.1511,-0.9256,0.0515,-6.9368
82,75.2559,0.4706,79.822,-0.2666,0.036,4.566
83,75.7835,0.5507,74.5865,0.057,0.0801,-1.197
84,75.7387,0.4967,80.3207,-0.5955,-0.054,4.582
85,77.0308,0.5357,87.0216,0.7954,0.039,9.9908
86,77.5407,0.5854,78.4635,-0.0259,0.0496,0.9228
87,77.9485,0.7706,82.4683,-0.1775,0.1853,4.5198
88,77.5996,0.7387,78.8846,-1.1196,-0.032,1.285
89,78.9648,0.6308,72.1981,0.6265,-0.1079,-6.7667
90,78.0705,0.6251,77.7609,-1.5251,-0.0057,-0.3096
91,78.9718,0.5635,75.299,0.2762,-0.0616,-3.6727
92,77.9168,0.5899,79.027,-1.6184,0.0263,1.1102
93,79.3011,0.6531,78.7289,0.7944,0.0633,-0.5721
94,81.0336,0.6422,79.0511,1.0794,-0.0109,-1.9825
95,81.2594,0.5954,74.7622,-0.4165,-0.0468,-6.4972
96,81.9799,0.6154,80.8931,0.1251,0.02,-1.0868
97,82.0242,0.6452,87.1748,-0.5711,0.0297,5.1506
98,82.7,0.6046,80.9256,0.0306,-0.0406,-1.7743
99,83.2487,0.5034,82.8729,-0.0558,-0.1012,-0.3758
100,83.801,0.6509,86.6315,0.0489,0.1476,2.8304
101,85.2792,0.5939,87.289,0.8272,-0.057,2.0098
102,84.9616,0.6189,86.2178,-0.9115,0.025,1.2562
103,84.9673,0.7788,86.6695,-0.6131,0.16,1.7021
104,84.224,0.823,83.0017,-1.5222,0.0442,-1.2222
105,85.0481,0.8603,86.2197,0.0011,0.0373,1.1716
106,84.2771,0.7676,86.595,-1.6313,-0.0927,2.3179
107,86.0857,0.9199,91.4952,1.041,0.1523,5.4095
108,85.3612,0.9815,79.6123,-1.6444,0.0616,-5.7489
109,87.6335,1.0017,84.21,1.2909,0.0203,-3.4235
110,90.2431,1.0532,84.5697,1.6079,0.0515,-5.6734
111,91.5311,0.9947,91.865,0.2348,-0.0585,0.3339
112,92.1537,1.1046,87.8839,-0.3722,0.1099,-4.2699
113,93.5123,1.2498,91.0314,0.2539,0.1451,-2.4809
114,94.9306,1.2659,92.8615,0.1685,0.0162,-2.0691
115,96.7148,1.2737,93.8835,0.5183,0.0078,-2.8313
116,99.3981,1.337,98.8968,1.4096,0.0633,-0.5013
117,100.2258,1.2743,103.9186,-0.5093,-0.0627,3.6928
118,101.3828,1.311,100.8295,-0.1172,0.0368,-0.5534
119,103.187,1.3017,105.4786,0.4931,-0.0093,2.2916
120,104.3422,1.3681,106.3593,-0.1466,0.0664,2.0172
121,105.617,1.2993,102.7966,-0.0933,-0.0688,-2.8204
122,106.3237,1.2206,108.9211,-0.5926,-0.0788,2.5974
123,107.507,1.3462,114.345,-0.0373,0.1256,6.838
124,108.8726,1.2223,107.7282,0.0194,-0.1238,-1.1444
125,110.0346,1.1033,109.2831,-0.0603,-0.1191,-0.7515
126,111.3674,1.0665,109.0621,0.2296,-0.0368,-2.3053
127,111.8269,1.2094,111.348,-0.607,0.1429,-0.4789
128,112.3724,1.1796,115.2354,-0.6639,-0.0298,2.863
129,113.0043,1.2182,115.1879,-0.5478,0.0385,2.1837
130,114.8217,1.3301,113.1703,0.5993,0.112,-1.6514
131,117.058,1.2667,115.8684,0.9062,-0.0634,-1.1896
132,119.2816,1.3325,119.2879,0.9569,0.0658,0.0063
133,119.661,1.3774,117.7698,-0.9531,0.0449,-1.8911
134,120.2993,1.3256,121.0388,-0.7391,-0.0519,0.7395
135,119.928,1.3544,120.4498,-1.6968,0.0289,0.5217
136,120.8148,1.4374,122.6492,-0.4676,0.083,1.8343
137,121.7672,1.3838,123.8527,-0.485,-0.0536,2.0855
138,121.9381,1.3572,120.045,-1.2129,-0.0266,-1.8931
139,123.3512,1.3741,123.4616,0.0559,0.0169,0.1104
140,125.6332,1.3923,124.6882,0.9079,0.0182,-0.945
141,126.0568,1.4501,127.6412,-0.9687,0.0577,1.5844
142,128.6675,1.3903,128.7468,1.1606,-0.0598,0.0793
143,130.0108,1.3833,130.042,-0.047,-0.007,0.0312
144,130.0224,1.4493,131.982,-1.3716,0.066,1.9596
145,132.3761,1.6292,131.4192,0.9044,0.18,-0.9569
146,133.9764,1.63,139.8029,-0.0289,0.0008,5.8266
147,134.2214,1.6689,129.8089,-1.385,0.0389,-4.4125
148,133.825,1.5072,129.6797,-2.0653,-0.1617,-4.1453
149,136.1874,1.4377,135.505,0.8552,-0.0695,-0.6824
150,136.6943,1.4866,133.3885,-0.9308,0.0489,-3.3059
151,139.2351,1.4072,136.9406,1.0541,-0.0794,-2.2945
152,140.7404,1.4091,145.0145,0.0982,0.002,4.2741
153,142.2459,1.3125,140.5649,0.0963,-0.0966,-1.681
154,143.1002,1.3705,144.2515,-0.4582,0.058,1.1514
155,144.3752,1.4401,142.7897,-0.0955,0.0696,-1.5855
156,145.7062,1.4545,150.2908,-0.109,0.0145,4.5845
157,147.082,1.4265,143.9444,-0.0788,-0.0281,-3.1375
158,149.0573,1.3795,150.0883,0.5488,-0.047,1.0311
159,148.9154,1.4629,144.9196,-1.5213,0.0835,-3.9958
160,149.7565,1.5476,145.7531,-0.6219,0.0847,-4.0034
161,151.2405,1.5535,148.2449,-0.0636,0.0059,-2.9957
162,153.8684,1.6734,147.9536,1.0743,0.1199,-5.9149
163,154.3827,1.7381,150.4736,-1.1592,0.0647,-3.9091
164,155.8099,1.7485,157.8854,-0.3109,0.0104,2.0756
165,157.3797,1.7561,155.0495,-0.1786,0.0076,-2.3302
166,160.1697,1.7165,161.1889,1.0339,-0.0396,1.0192
167,161.4769,1.725,160.9724,-0.4093,0.0085,-0.5045
168,163.0719,1.6439,165.4611,-0.13,-0.0811,2.3892
169,165.847,1.6633,168.044,1.1312,0.0195,2.197
170,168.1808,1.7376,169.0908,0.6705,0.0742,0.9101
171,170.0881,1.8067,170.2946,0.1698,0.0691,0.2065
172,171.1157,1.8086,165.4504,-0.7791,0.0019,-5.6652
173,172.9195,1.8417,176.6275,-0.0047,0.0331,3.7079
174,174.8822,1.9159,174.8806,0.121,0.0743,-0.0016
175,175.9793,1.803,173.0701,-0.8188,-0.1129,-2.9092
176,176.6894,1.8537,176.0666,-1.0929,0.0507,-0.6228
177,178.9993,1.8596,182.1315,0.4563,0.0059,3.1321
178,181.7071,1.8079,180.8841,0.8482,-0.0516,-0.8229
179,183.0887,1.6782,185.1144,-0.4263,-0.1297,2.0257
180,185.718,1.6777,184.2384,0.951,-0.0005,-1.4796
181,188.2685,1.4901,188.8009,0.8727,-0.1876,0.5324
182,189.8732,1.4445,194.0479,0.1146,-0.0457,4.1747
183,192.0943,1.4236,191.8342,0.7766,-0.0209,-0.2601
184,193.2074,1.3826,189.2828,-0.3104,-0.041,-3.9246
185,195.694,1.4648,198.0885,1.104,0.0822,2.3945
186,196.2833,1.6313,202.2238,-0.8755,0.1665,5.9405
187,198.0651,1.559,195.4658,0.1504,-0.0723,-2.5993
188,199.9589,1.4859,199.8562,0.3348,-0.073,-0.1026
189,202.3157,1.3654,208.3329,0.8709,-0.1205,6.0172
190,204.9345,1.2664,200.6935,1.2534,-0.099,-4.2409
191,205.9741,1.1839,205.183,-0.2267,-0.0825,-0.7912
192,205.0931,1.1656,210.5017,-2.0649,-0.0183,5.4086
193,205.3654,1.1438,200.8966,-0.8933,-0.0218,-4.4688
194,207.0198,1.1258,212.842,0.5106,-0.018,5.8222
195,208.311,1.096,209.9618,0.1655,-0.0298,1.6508
196,209.002,0.9888,209.9079,-0.405,-0.1071,0.9058
197,209.851,1.0021,210.9773,-0.1399,0.0133,1.1264
198,210.4448,1.0359,215.6579,-0.4083,0.0337,5.2131
199,210.5945,1.1749,209.8661,-0.8862,0.139,-0.7284
200,211.156,1.369,211.6211,-0.6133,0.1942,0.4651
